numero,significado
1,"O significado do número 1 na Numerologia pitagórica representa uma pessoa que sabe tomar iniciativa e tem uma ótima liderança, força e ambição. Também é o número indicador da coragem, da independência, da individualidade e das realizações. Aliás, é tido como o principal número para principiantes, ou seja, para aqueles que estão começando em ciências esotéricas."
2,"A pessoa que apresenta a numerologia de nome com o número 2 é gentil e delicada. Ela apresenta uma passividade que a faz ser discreta e harmônica, demonstrando alta capacidade de sentir empatia e ser paciente. É alguém que se preocupa em ajudar os outros, tem grande consideração pelas pessoas e isso a torna uma personalidade conciliadora. Está sempre buscando intermediar conflitos, querendo uma solução pacífica."
3,"O número 3 se caracteriza pela criatividade e pela expressão. É o número daquela pessoa extrovertida e comunicativa, que adora conversar e trocar ideias. Dentro da espiritualidade, o número 3 é considerado como a união entre o corpo, o espírito e a mente. Representa o equilíbrio. A personalidade do número 3 é de uma pessoa agradável e cheia de talento, sempre em busca conhecimento e oferecendo em troca toda sua capacidade intelectual."
4,"O número 4 define uma pessoa bastante materialista, característica que se reflete tanto em sua vida pessoal quanto na profissional. O indivíduo que possui o significado do número 4 na numerologia evita coisas subjetivas, pois prefere ter os pés no chão. Como sempre pensa nas questões práticas da vida, a pessoa de número 4 busca investir nas coisas que podem lhe oferecer maior segurança. Ela opta sempre pelos meios tradicionais para chegar aos seus objetivos."
5,"A pessoa de número 5 preza pela liberdade e por espaços abertos. Ela é sensual, divertida e se expressa em lugares onde pode gastar toda sua energia. Sua personalidade costuma ser superativa, inquieta, curiosa e impulsiva. Além de tudo, a pessoa de número 5 tem uma imaginação bem fértil, adora fazer muitas coisas ao mesmo tempo, gosta de aconselhar e nunca nega ajuda quando alguém precisa. É uma pessoa pacífica e com muito a oferecer, merecendo a confiança de seus amigos."
6,"O 6 é o número das pessoas responsáveis, carinhosas, criativas e equilibradas, com senso de humanidade e lealdade. Ela sempre procura pela perfeição, gosta de dar atenção à família, aos seus relacionamentos e às suas responsabilidades. A personalidade de uma pessoa número 6 é passional e humanista, sente grande necessidade de ajudar as pessoas. Às vezes, pode até se sacrificar por aqueles que ama. Costuma ser uma pessoa tolerante, apesar de se tornar teimosa quando contrariada repetitivamente."
7,"Apesar de parecer “fria e calculista”, a pessoa de número 7 é muito exigente, tanto com ela mesma quanto com os conhecidos e familiares. Ela gosta de ambientes bem organizados, prefere fugir do barulho e da agitação. Tem um grande apreço pela concentração e pela sabedoria. No entanto, às vezes, uma pessoa de número 7 pode ser inflexível, se irritar fácil e se mostrar sarcástica. Mesmo assim, trata-se de uma pessoa sábia, que pensa a fundo em todas as coisas e se interesse por assuntos místicos e espirituais."
8,"O significado do número 8 na Numerologia caracteriza pessoas trabalhadoras e que sabem gerenciar seus esforços. Elas fazem qualquer tipo de sacrifício por aquilo em que acreditam. São exigentes, eficientes e ambiciosas.Por outro lado, a pessoa de número 8 também pode ser muito fria, materialista e ter dificuldades em demonstrar seus sentimentos. São pessoas que lutam muito pelo que querem, tanto no aspecto material quanto espiritual."
9,"O 9 é o número que representa pessoas prestativas, generosas, artistas e criativas. Costumam estar ligadas a atividades como a escrita e a comunicação. A pessoa de número 9 é simpática, generosas e emocional. Contudo, ao mesmo tempo, a pessoa com esse algarismo também pode ser possessiva, tendo uma excessiva apreciação pelas pessoas que amam, além de serem muito consumistas."
11,"O 11 é um número espiritual e intuitivo. Simboliza o idealismo, o perfeccionismo, a colaboração e a clarividência. Ou seja, caracteriza as pessoas mais idealistas e inspiradoras, capazes de iluminar o mundo e as pessoas através de suas ideias iluminadas. De modo geral, as pessoas nativas do número 11 são aquelas que oferecem alegria e inspiração, mantendo os pés no chão a tal ponto que, em determinadas situações, podem ser um pouco inconvenientes. Ligada à espiritualidade, e simpática, inspiradora, intuitiva e paciente."
22,"A pessoa de número 22 possui um ar etéreo ao seu redor. É aquela que sempre observa o mundo prestando atenção aos detalhes. Logo, é uma pessoa que mesmo seguindo o fluxo da rotina nunca está inteiramente no mundo. Sua cabeça está ligada em outro plano, muito mais perfeito e cheio de sonhos e conceitos. Ela procura ver como as coisas podem ser, visando uma sociedade ideal, num sentido mais amplo. Às vezes, pode acabar se perdendo no mundo da lua."
